{
  "accuracy": 0.5847486413043478,
  "precision": 0.27860696517412936,
  "recall": 0.6538782318598833,
  "f1_score": 0.39073012708696736,
  "confusion_matrix": [
    [
      2659,
      2030
    ],
    [
      415,
      784
    ]
  ],
  "total_samples": 5888,
  "positive_predictions": 2814,
  "negative_predictions": 3074,
  "true_positives": 784,
  "true_negatives": 2659,
  "false_positives": 2030,
  "false_negatives": 415,
  "auc": 0.6104750510973547,
  "tpr": 0.6538782318598833,
  "fpr": 0.4329281296651738
}