{
  "accuracy": 0.7736842105263158,
  "precision": 0.625,
  "recall": 0.2127659574468085,
  "f1_score": 0.31746031746031744,
  "confusion_matrix": [
    [
      137,
      6
    ],
    [
      37,
      10
    ]
  ],
  "classification_report": {
    "0": {
      "precision": 0.7873563218390804,
      "recall": 0.958041958041958,
      "f1-score": 0.8643533123028391,
      "support": 143.0
    },
    "1": {
      "precision": 0.625,
      "recall": 0.2127659574468085,
      "f1-score": 0.31746031746031744,
      "support": 47.0
    },
    "accuracy": 0.7736842105263158,
    "macro avg": {
      "precision": 0.7061781609195402,
      "recall": 0.5854039577443833,
      "f1-score": 0.5909068148815783,
      "support": 190.0
    },
    "weighted avg": {
      "precision": 0.7471944948578342,
      "recall": 0.7736842105263158,
      "f1-score": 0.7290692556838996,
      "support": 190.0
    }
  },
  "auc": 0.5854039577443833,
  "tpr": 0.2127659574468085,
  "fpr": 0.04195804195804196
}