{
  "accuracy": 0.7736842105263158,
  "precision": 0.6428571428571429,
  "recall": 0.19148936170212766,
  "f1_score": 0.29508196721311475,
  "confusion_matrix": [
    [
      138,
      5
    ],
    [
      38,
      9
    ]
  ],
  "classification_report": {
    "0": {
      "precision": 0.7840909090909091,
      "recall": 0.965034965034965,
      "f1-score": 0.8652037617554859,
      "support": 143.0
    },
    "1": {
      "precision": 0.6428571428571429,
      "recall": 0.19148936170212766,
      "f1-score": 0.29508196721311475,
      "support": 47.0
    },
    "accuracy": 0.7736842105263158,
    "macro avg": {
      "precision": 0.713474025974026,
      "recall": 0.5782621633685463,
      "f1-score": 0.5801428644843003,
      "support": 190.0
    },
    "weighted avg": {
      "precision": 0.749154135338346,
      "recall": 0.7736842105263158,
      "f1-score": 0.7241736336318466,
      "support": 190.0
    }
  }
}