{
  "accuracy": 0.5269320843091335,
  "precision": 0.31363636363636366,
  "recall": 0.575,
  "f1_score": 0.4058823529411764,
  "confusion_matrix": [
    [
      312,
      302
    ],
    [
      102,
      138
    ]
  ],
  "total_samples": 5888,
  "positive_eps_samples": 4268,
  "training_samples": 3414,
  "test_samples": 854,
  "input_size": 10,
  "num_hidden_layers": 3,
  "positive_predictions": 440,
  "negative_predictions": 414,
  "true_positives": 138,
  "true_negatives": 312,
  "false_positives": 302,
  "false_negatives": 102
}