{
  "accuracy": 0.541610054347826,
  "precision": 0.28222996515679444,
  "recall": 0.810675562969141,
  "f1_score": 0.4186948093904803,
  "confusion_matrix": [
    [
      2217,
      2472
    ],
    [
      227,
      972
    ]
  ],
  "total_samples": 5888,
  "positive_predictions": 3444,
  "negative_predictions": 2444,
  "true_positives": 972,
  "true_negatives": 2217,
  "false_positives": 2472,
  "false_negatives": 227
}