{
  "accuracy": 0.7707979626485568,
  "precision": 0.3728813559322034,
  "recall": 0.18333333333333332,
  "f1_score": 0.24581005586592178,
  "confusion_matrix": [
    [
      864,
      74
    ],
    [
      196,
      44
    ]
  ],
  "total_samples": 5888,
  "valid_samples": 5888,
  "training_samples": 4710,
  "test_samples": 1178,
  "input_size": 10,
  "num_hidden_layers": 3,
  "positive_predictions": 118,
  "negative_predictions": 1060,
  "true_positives": 44,
  "true_negatives": 864,
  "false_positives": 74,
  "false_negatives": 196,
  "auc": 0.5522210376687988,
  "tpr": 0.18333333333333332,
  "fpr": 0.07889125799573561
}