{
  "accuracy": 0.7947368421052632,
  "precision": 0.7,
  "recall": 0.2978723404255319,
  "f1_score": 0.417910447761194,
  "confusion_matrix": [
    [
      137,
      6
    ],
    [
      33,
      14
    ]
  ],
  "classification_report": {
    "0": {
      "precision": 0.8058823529411765,
      "recall": 0.958041958041958,
      "f1-score": 0.8753993610223643,
      "support": 143.0
    },
    "1": {
      "precision": 0.7,
      "recall": 0.2978723404255319,
      "f1-score": 0.417910447761194,
      "support": 47.0
    },
    "accuracy": 0.7947368421052632,
    "macro avg": {
      "precision": 0.7529411764705882,
      "recall": 0.627957149233745,
      "f1-score": 0.6466549043917791,
      "support": 190.0
    },
    "weighted avg": {
      "precision": 0.7796904024767802,
      "recall": 0.7947368421052632,
      "f1-score": 0.7622310508998643,
      "support": 190.0
    }
  },
  "auc": 0.627957149233745,
  "tpr": 0.2978723404255319,
  "fpr": 0.04195804195804196
}