{
  "accuracy": 0.3774601686972821,
  "precision": 0.28046945531146555,
  "recall": 0.7779632721202003,
  "f1_score": 0.41229816412298165,
  "confusion_matrix": [
    [
      679,
      2391
    ],
    [
      266,
      932
    ]
  ],
  "total_samples": 5888,
  "filtered_samples": 4268,
  "max_days": 90,
  "positive_predictions": 3323,
  "negative_predictions": 945,
  "true_positives": 932,
  "true_negatives": 679,
  "false_positives": 2391,
  "false_negatives": 266,
  "auc": 0.4995679552783412,
  "tpr": 0.7779632721202003,
  "fpr": 0.778827361563518
}