{
  "accuracy": 0.47843070652173914,
  "precision": 0.28069353327085284,
  "recall": 0.9991659716430359,
  "f1_score": 0.4382659593927199,
  "confusion_matrix": [
    [
      1619,
      3070
    ],
    [
      1,
      1198
    ]
  ],
  "total_samples": 5888,
  "positive_predictions": 4268,
  "negative_predictions": 1620,
  "true_positives": 1198,
  "true_negatives": 1619,
  "false_positives": 3070,
  "false_negatives": 1
}