{
  "accuracy": 0.7842105263157895,
  "precision": 0.6875,
  "recall": 0.23404255319148937,
  "f1_score": 0.3492063492063492,
  "confusion_matrix": [
    [
      138,
      5
    ],
    [
      36,
      11
    ]
  ],
  "classification_report": {
    "0": {
      "precision": 0.7931034482758621,
      "recall": 0.965034965034965,
      "f1-score": 0.8706624605678234,
      "support": 143.0
    },
    "1": {
      "precision": 0.6875,
      "recall": 0.23404255319148937,
      "f1-score": 0.3492063492063492,
      "support": 47.0
    },
    "accuracy": 0.7842105263157895,
    "macro avg": {
      "precision": 0.740301724137931,
      "recall": 0.5995387591132272,
      "f1-score": 0.6099344048870863,
      "support": 190.0
    },
    "weighted avg": {
      "precision": 0.7669804900181488,
      "recall": 0.7842105263157895,
      "f1-score": 0.7416706856520902,
      "support": 190.0
    }
  },
  "auc": 0.5995387591132272,
  "tpr": 0.23404255319148937,
  "fpr": 0.03496503496503497
}