{
  "accuracy": 0.7789473684210526,
  "precision": 0.6923076923076923,
  "recall": 0.19148936170212766,
  "f1_score": 0.3,
  "confusion_matrix": [
    [
      139,
      4
    ],
    [
      38,
      9
    ]
  ],
  "classification_report": {
    "0": {
      "precision": 0.7853107344632768,
      "recall": 0.972027972027972,
      "f1-score": 0.86875,
      "support": 143.0
    },
    "1": {
      "precision": 0.6923076923076923,
      "recall": 0.19148936170212766,
      "f1-score": 0.3,
      "support": 47.0
    },
    "accuracy": 0.7789473684210526,
    "macro avg": {
      "precision": 0.7388092133854846,
      "recall": 0.5817586668650498,
      "f1-score": 0.584375,
      "support": 190.0
    },
    "weighted avg": {
      "precision": 0.7623047187721586,
      "recall": 0.7789473684210526,
      "f1-score": 0.7280592105263158,
      "support": 190.0
    }
  },
  "auc": 0.5817586668650498,
  "tpr": 0.19148936170212766,
  "fpr": 0.027972027972027972
}