{
  "accuracy": 0.7842105263157895,
  "precision": 0.7142857142857143,
  "recall": 0.2127659574468085,
  "f1_score": 0.32786885245901637,
  "confusion_matrix": [
    [
      139,
      4
    ],
    [
      37,
      10
    ]
  ],
  "classification_report": {
    "0": {
      "precision": 0.7897727272727273,
      "recall": 0.972027972027972,
      "f1-score": 0.8714733542319749,
      "support": 143.0
    },
    "1": {
      "precision": 0.7142857142857143,
      "recall": 0.2127659574468085,
      "f1-score": 0.32786885245901637,
      "support": 47.0
    },
    "accuracy": 0.7842105263157895,
    "macro avg": {
      "precision": 0.7520292207792207,
      "recall": 0.5923969647373902,
      "f1-score": 0.5996711033454957,
      "support": 190.0
    },
    "weighted avg": {
      "precision": 0.7710996240601503,
      "recall": 0.7842105263157895,
      "f1-score": 0.7370027669512956,
      "support": 190.0
    }
  }
}