{
  "accuracy": 0.8052631578947368,
  "precision": 0.75,
  "recall": 0.3191489361702128,
  "f1_score": 0.44776119402985076,
  "confusion_matrix": [
    [
      138,
      5
    ],
    [
      32,
      15
    ]
  ],
  "classification_report": {
    "0": {
      "precision": 0.8117647058823529,
      "recall": 0.965034965034965,
      "f1-score": 0.8817891373801917,
      "support": 143.0
    },
    "1": {
      "precision": 0.75,
      "recall": 0.3191489361702128,
      "f1-score": 0.44776119402985076,
      "support": 47.0
    },
    "accuracy": 0.8052631578947368,
    "macro avg": {
      "precision": 0.7808823529411765,
      "recall": 0.6420919506025888,
      "f1-score": 0.6647751657050213,
      "support": 190.0
    },
    "weighted avg": {
      "precision": 0.7964860681114551,
      "recall": 0.8052631578947368,
      "f1-score": 0.7744243303408969,
      "support": 190.0
    }
  }
}