{
  "heterognn": {
    "regular": {
      "auc": 0.5817586668650498,
      "tpr": 0.19148936170212766,
      "fpr": 0.027972027972027972,
      "accuracy": 0.7789473684210526,
      "precision": 0.6923076923076923,
      "recall": 0.19148936170212766,
      "f1_score": 0.3
    },
    "medium": {
      "auc": 0.5923969647373902,
      "tpr": 0.2127659574468085,
      "fpr": 0.027972027972027972,
      "accuracy": 0.7842105263157895,
      "precision": 0.7142857142857143,
      "recall": 0.2127659574468085,
      "f1_score": 0.32786885245901637
    }
  },
  "heterognn2": {
    "regular": {
      "auc": 0.5995387591132272,
      "tpr": 0.23404255319148937,
      "fpr": 0.03496503496503497,
      "accuracy": 0.7842105263157895,
      "precision": 0.6875,
      "recall": 0.23404255319148937,
      "f1_score": 0.3492063492063492
    },
    "medium": {
      "auc": 0.5995387591132272,
      "tpr": 0.23404255319148937,
      "fpr": 0.03496503496503497,
      "accuracy": 0.7842105263157895,
      "precision": 0.6875,
      "recall": 0.23404255319148937,
      "f1_score": 0.3492063492063492
    }
  },
  "heterognn3": {
    "regular": {
      "auc": 0.5782621633685463,
      "tpr": 0.19148936170212766,
      "fpr": 0.03496503496503497,
      "accuracy": 0.7736842105263158,
      "precision": 0.6428571428571429,
      "recall": 0.19148936170212766,
      "f1_score": 0.29508196721311475
    },
    "medium": {
      "auc": 0.5782621633685463,
      "tpr": 0.19148936170212766,
      "fpr": 0.03496503496503497,
      "accuracy": 0.7736842105263158,
      "precision": 0.6428571428571429,
      "recall": 0.19148936170212766,
      "f1_score": 0.29508196721311475
    }
  },
  "heterognn4": {
    "regular": {
      "auc": 0.5854039577443833,
      "tpr": 0.2127659574468085,
      "fpr": 0.04195804195804196,
      "accuracy": 0.7736842105263158,
      "precision": 0.625,
      "recall": 0.2127659574468085,
      "f1_score": 0.31746031746031744
    },
    "medium": {
      "auc": 0.5854039577443833,
      "tpr": 0.2127659574468085,
      "fpr": 0.04195804195804196,
      "accuracy": 0.7736842105263158,
      "precision": 0.625,
      "recall": 0.2127659574468085,
      "f1_score": 0.31746031746031744
    }
  },
  "heterognn5": {
    "regular": {
      "auc": 0.627957149233745,
      "tpr": 0.2978723404255319,
      "fpr": 0.04195804195804196,
      "accuracy": 0.7947368421052632,
      "precision": 0.7,
      "recall": 0.2978723404255319,
      "f1_score": 0.417910447761194
    },
    "medium": {
      "auc": 0.627957149233745,
      "tpr": 0.2978723404255319,
      "fpr": 0.04195804195804196,
      "accuracy": 0.7947368421052632,
      "precision": 0.7,
      "recall": 0.2978723404255319,
      "f1_score": 0.417910447761194
    }
  }
}