{
  "eps_only": {
    "all_data": {
      "accuracy": 0.47843070652173914,
      "precision": 0.28069353327085284,
      "recall": 0.9991659716430359,
      "f1_score": 0.4382659593927199,
      "auc": 0.6722210749663249,
      "tpr": 0.9991659716430359,
      "fpr": 0.654723821710386
    },
    "positive_eps_only": {
      "accuracy": 0.28069353327085284,
      "precision": 0.28069353327085284,
      "recall": 1.0,
      "f1_score": 0.438346139773143,
      "auc": 0.5,
      "tpr": 1.0,
      "fpr": 1.0
    }
  },
  "sentiment": {
    "all_data": {
      "accuracy": 0.541610054347826,
      "precision": 0.28222996515679444,
      "recall": 0.810675562969141,
      "f1_score": 0.4186948093904803,
      "auc": 0.641742132092376,
      "tpr": 0.810675562969141,
      "fpr": 0.527191298784389
    },
    "positive_eps_only": {
      "accuracy": 0.36785379568884724,
      "precision": 0.28222996515679444,
      "recall": 0.8113522537562604,
      "f1_score": 0.4187850064627316,
      "auc": 0.5030702636859479,
      "tpr": 0.8113522537562604,
      "fpr": 0.8052117263843648
    },
    "threshold_0_2": {
      "accuracy": 0.5847486413043478,
      "precision": 0.27860696517412936,
      "recall": 0.6538782318598833,
      "f1_score": 0.39073012708696736,
      "auc": 0.6104750510973547,
      "tpr": 0.6538782318598833,
      "fpr": 0.4329281296651738
    }
  },
  "weighted_sentiment": {
    "all_data": {
      "accuracy": 0.5485733695652174,
      "precision": 0.28046945531146555,
      "recall": 0.7773144286905754,
      "f1_score": 0.4122069880583812,
      "auc": 0.6336988010375462,
      "tpr": 0.7773144286905754,
      "fpr": 0.5099168266154831
    },
    "positive_eps_only": {
      "accuracy": 0.3774601686972821,
      "precision": 0.28046945531146555,
      "recall": 0.7779632721202003,
      "f1_score": 0.41229816412298165,
      "auc": 0.4995679552783412,
      "tpr": 0.7779632721202003,
      "fpr": 0.778827361563518
    },
    "threshold_0_1_positive_eps_only": {
      "accuracy": 0.39456419868791004,
      "precision": 0.2771704180064309,
      "recall": 0.7195325542570952,
      "f1_score": 0.4001857010213556,
      "auc": 0.49364249862691895,
      "tpr": 0.7195325542570952,
      "fpr": 0.7322475570032573
    }
  },
  "neural_net": {
    "all_data": {
      "accuracy": 0.7707979626485568,
      "precision": 0.3728813559322034,
      "recall": 0.18333333333333332,
      "f1_score": 0.24581005586592178,
      "auc": 0.5522210376687988,
      "tpr": 0.18333333333333332,
      "fpr": 0.07889125799573561
    },
    "positive_eps_only": {
      "accuracy": 0.5269320843091335,
      "precision": 0.31363636363636366,
      "recall": 0.575,
      "f1_score": 0.4058823529411764,
      "auc": 0.541571661237785,
      "tpr": 0.575,
      "fpr": 0.49185667752442996
    }
  }
}